hiring <-> PaloAlto
hiring <-> Healthcare
hiring <-> Job
hiring <-> Jobs
PaloAlto <-> Healthcare
PaloAlto <-> Job
PaloAlto <-> Jobs
Healthcare <-> Job
Healthcare <-> Jobs
Job <-> Jobs
hiring <-> Honolulu
hiring <-> BusinessMgmt
Honolulu <-> BusinessMgmt
Honolulu <-> Job
Honolulu <-> Jobs
BusinessMgmt <-> Job
BusinessMgmt <-> Jobs
Brentwood <-> Hospitality
Brentwood <-> Job
Brentwood <-> Jobs
Brentwood <-> Hiring
Brentwood <-> CareerArc
Hospitality <-> Job
Hospitality <-> Jobs
Hospitality <-> Hiring
Hospitality <-> CareerArc
Job <-> Hiring
Job <-> CareerArc
Jobs <-> Hiring
Jobs <-> CareerArc
Hiring <-> CareerArc
directvrealmadrid <-> FutbolTotalDIRECTV
hiring <-> Birmingham
hiring <-> Hospitality
hiring <-> Veterans
Birmingham <-> Hospitality
Birmingham <-> Veterans
Hospitality <-> Veterans
OK <-> AudioKekinian
OK <-> P3KPAGI
OK <-> SJ1052
AudioKekinian <-> P3KPAGI
AudioKekinian <-> SJ1052
P3KPAGI <-> SJ1052
RaqeshBapat <-> TBworld2016
Justsayingg <-> StickyPromo
Justsayingg <-> StickySavageAF
Justsayingg <-> TheHouseTONIGHT
Justsayingg <-> WingWednesday
Justsayingg <-> MyBdayWeekTho
StickyPromo <-> StickySavageAF
StickyPromo <-> TheHouseTONIGHT
StickyPromo <-> WingWednesday
StickyPromo <-> MyBdayWeekTho
StickySavageAF <-> TheHouseTONIGHT
StickySavageAF <-> WingWednesday
StickySavageAF <-> MyBdayWeekTho
TheHouseTONIGHT <-> WingWednesday
TheHouseTONIGHT <-> MyBdayWeekTho
WingWednesday <-> MyBdayWeekTho
happybirthday <-> peromaybasti
Veterans <-> Trump2016
Veterans <-> vetsfortrump
Trump2016 <-> vetsfortrump
Industry <-> LAtraffic
Newtwist <-> picoftheday
Newtwist <-> nice
Newtwist <-> classic
Newtwist <-> IWantedtoWin
picoftheday <-> nice
picoftheday <-> classic
picoftheday <-> IWantedtoWin
nice <-> classic
nice <-> IWantedtoWin
classic <-> IWantedtoWin
FaceCebuTravels <-> Throwback
FaceCebuTravels <-> SurigaoDelSur
Throwback <-> SurigaoDelSur
hmjtiamikom <-> hmjti
hmjtiamikom <-> almamaterhitam
hmjtiamikom <-> ayoreuniakbarhmjti
hmjti <-> almamaterhitam
hmjti <-> ayoreuniakbarhmjti
almamaterhitam <-> ayoreuniakbarhmjti
Empresarios <-> DECAM
Empresarios <-> Curso
Empresarios <-> ventas
DECAM <-> Curso
DECAM <-> ventas
Curso <-> ventas
KelasInspirasi <-> KI7Gili
KelasInspirasi <-> LombokIsland
KelasInspirasi <-> Lombok
KelasInspirasi <-> indonesia
KI7Gili <-> LombokIsland
KI7Gili <-> Lombok
KI7Gili <-> indonesia
LombokIsland <-> Lombok
LombokIsland <-> indonesia
Lombok <-> indonesia
hiring <-> Mechanicsburg
Healthcare <-> Mechanicsburg
Mechanicsburg <-> Job
Mechanicsburg <-> Jobs
MakeAmericaGreatAgain <-> putusafirst
MakeAmericaGreatAgain <-> Trump
putusafirst <-> Trump
blackfoot <-> memorial
hiring <-> RapidCity
hiring <-> Accounting
RapidCity <-> Accounting
RapidCity <-> Job
RapidCity <-> Jobs
Accounting <-> Job
Accounting <-> Jobs
Physician <-> Job
Physician <-> REDLANDS
Physician <-> Jobs
Physician <-> Hiring
Job <-> REDLANDS
REDLANDS <-> Jobs
REDLANDS <-> Hiring
LosAngeles <-> Pharmaceutical
LosAngeles <-> Job
LosAngeles <-> Jobs
LosAngeles <-> Hiring
Pharmaceutical <-> Job
Pharmaceutical <-> Jobs
Pharmaceutical <-> Hiring
word <-> selfcare
word <-> bodyisatemple
word <-> shine
selfcare <-> bodyisatemple
selfcare <-> shine
bodyisatemple <-> shine
Aerospace <-> Job
Aerospace <-> Phoenix
Aerospace <-> Jobs
Aerospace <-> Hiring
Job <-> Phoenix
Phoenix <-> Jobs
Phoenix <-> Hiring
CustomerService <-> Job
CustomerService <-> LosAngeles
CustomerService <-> interpreter
CustomerService <-> Jobs
Job <-> interpreter
LosAngeles <-> interpreter
interpreter <-> Jobs
job <-> Brunswick
hiring <-> job
Beliebers <-> SoFantastic
hiring <-> Phoenix
job <-> Phoenix
pazzacolbotto <-> iostoconvale
hiring <-> Denver
hiring <-> Legal
job <-> Denver
job <-> Legal
Denver <-> Legal
Engineering <-> Job
Engineering <-> Orlando
Engineering <-> AMD
Engineering <-> Jobs
Engineering <-> Hiring
Job <-> Orlando
Job <-> AMD
Orlando <-> AMD
Orlando <-> Jobs
Orlando <-> Hiring
AMD <-> Jobs
AMD <-> Hiring
Accounting <-> job
Accounting <-> Accountemps
Accounting <-> LongBeach
Accounting <-> Hiring
job <-> Accountemps
job <-> LongBeach
job <-> Hiring
Accountemps <-> LongBeach
Accountemps <-> Hiring
LongBeach <-> Hiring
Atlanta <-> CustomerService
Atlanta <-> amtrakvets
Atlanta <-> Job
Atlanta <-> Jobs
Atlanta <-> Hiring
CustomerService <-> amtrakvets
CustomerService <-> Hiring
amtrakvets <-> Job
amtrakvets <-> Jobs
amtrakvets <-> Hiring
iHeartAwards <-> BestFanArmy
iHeartAwards <-> 5SOSFam
BestFanArmy <-> 5SOSFam
YuGiOh <-> Pokemon
JOUEZ <-> GAGNEZ
TaylorSwiftBlankSpace <-> MemeableMoment
TaylorSwiftBlankSpace <-> iHeartAwards
MemeableMoment <-> iHeartAwards
vsco <-> vscobrasil
AKBINGO <-> AKB48
DoItForState <-> StateSnaps
nowplaying <-> silbermond
nowplaying <-> Koblenz
silbermond <-> Koblenz
Mivotocmtv <-> LaEscalera
GoWings <-> REDWINGS
LittleRedWagon <-> WrestleMania
LittleRedWagon <-> WrestleMania32
LittleRedWagon <-> RAW
LittleRedWagon <-> RawBrooklyn
WrestleMania <-> WrestleMania32
WrestleMania <-> RAW
WrestleMania <-> RawBrooklyn
WrestleMania32 <-> RAW
WrestleMania32 <-> RawBrooklyn
RAW <-> RawBrooklyn
CustomerService <-> job
LaJosaLand <-> correr
LaJosaLand <-> fatiga
LaJosaLand <-> Respiracion
correr <-> fatiga
correr <-> Respiracion
fatiga <-> Respiracion
maddiemonday <-> anchorsaweigh
maddiemonday <-> oldisgold
anchorsaweigh <-> oldisgold
blindedbythelight <-> literally
HollywoodHills <-> LA
HollywoodHills <-> Cali
HollywoodHills <-> LosAngeles
HollywoodHills <-> Hollywood
LA <-> Cali
LA <-> LosAngeles
LA <-> Hollywood
Cali <-> LosAngeles
Cali <-> Hollywood
LosAngeles <-> Hollywood
LGRW <-> RedWings
LGRW <-> PlayOffPush
RedWings <-> PlayOffPush
ItsHerHouse <-> RAW
Directioners <-> BestFanArmy
Directioners <-> iHeartAwards
WodHiggins <-> PFM
WodHiggins <-> OUTH
WodHiggins <-> IDE
WodHiggins <-> UICIDE
PFM <-> OUTH
PFM <-> IDE
PFM <-> UICIDE
OUTH <-> IDE
OUTH <-> UICIDE
IDE <-> UICIDE
snowcat <-> powderski
SheDeservesIt <-> BestFriend
CornerCollabs <-> ALDUBStoryContinues
Prevarication <-> Lying
USAvGUA <-> USMNT
USAvGUA <-> terrible
USAvGUA <-> USSoccer
USMNT <-> terrible
USMNT <-> USSoccer
terrible <-> USSoccer
Glamberts <-> BestFanArmy
Glamberts <-> iHeartAwards
LosRicosNoPidenPermiso <-> LaLeona
LosRicosNoPidenPermiso <-> Intratables
LosRicosNoPidenPermiso <-> Telenueve
LosRicosNoPidenPermiso <-> Vision7
LaLeona <-> Intratables
LaLeona <-> Telenueve
LaLeona <-> Vision7
Intratables <-> Telenueve
Intratables <-> Vision7
Telenueve <-> Vision7
River <-> InnauguracionCDS
Rankigvale <-> SimplementeTu
Healthcare <-> job
Healthcare <-> Lakeport
Healthcare <-> Hiring
job <-> Lakeport
Lakeport <-> Hiring
part2 <-> ubaya
part2 <-> sidang
part2 <-> skripsi
part2 <-> SH
ubaya <-> sidang
ubaya <-> skripsi
ubaya <-> SH
sidang <-> skripsi
sidang <-> SH
skripsi <-> SH
FakingNews <-> viratkohli
FakingNews <-> ViratVsTrolls
FakingNews <-> virat
viratkohli <-> ViratVsTrolls
viratkohli <-> virat
ViratVsTrolls <-> virat
redefiningdance <-> DWTS
pandechat <-> SNS
whatshouldido <-> PremiosJuventud
whatshouldido <-> BestFanArmy
PremiosJuventud <-> BestFanArmy
srilanka <-> srilanka2016
srilanka <-> srilankatrip
srilanka <-> srilankatravel
srilanka <-> travel
srilanka <-> galle
srilanka2016 <-> srilankatrip
srilanka2016 <-> srilankatravel
srilanka2016 <-> travel
srilanka2016 <-> galle
srilankatrip <-> srilankatravel
srilankatrip <-> travel
srilankatrip <-> galle
srilankatravel <-> travel
srilankatravel <-> galle
WAState <-> artists
WAState <-> writers
WAState <-> media
WAState <-> performers
WAState <-> grant
artists <-> writers
artists <-> media
artists <-> performers
artists <-> grant
writers <-> media
writers <-> performers
writers <-> grant
media <-> performers
media <-> grant
performers <-> grant
Laughter <-> Echelon
Laughter <-> MARS
Echelon <-> MARS
JUSTGO <-> iKONwelcomeback
JUSTGO <-> iKON
iKONwelcomeback <-> iKON
havana <-> cuba
havana <-> everydaycuba
cuba <-> everydaycuba
SIGUEMEYTESIGO <-> LunesDeGanarSeguidores
longtimenoselfie <-> ALDUBStoryContinues
Humor <-> Winelover
Humor <-> Personification
Winelover <-> Personification
JacksonWang <-> ASC_Birthdayboy
JacksonWang <-> GOT7_ASC
ASC_Birthdayboy <-> GOT7_ASC
GoKingsGo <-> BeatSJ
GoKingsGo <-> LAKings
BeatSJ <-> LAKings
taphophile <-> nomenclaturemonday
taphophile <-> nomenclature
taphophile <-> churchillspub
nomenclaturemonday <-> nomenclature
nomenclaturemonday <-> churchillspub
nomenclature <-> churchillspub
Uber <-> Taxi
hiring <-> Engineering
hiring <-> Cambridge
Engineering <-> Cambridge
Engineering <-> Veterans
Cambridge <-> Veterans
Yokohama <-> Job
Yokohama <-> Jobs
Yokohama <-> Hiring
latraigoatrasada <-> ahperoelfin
Healthcare <-> Bloomington
Bloomington <-> job
Bloomington <-> Hiring
Karma <-> gop
Harmonizers <-> iHeartAwards
Harmonizers <-> BestFanArmy
quote <-> mondaymotivation
quote <-> dailymotivation
mondaymotivation <-> dailymotivation
Lospiletones <-> LunesIntratables
LAFOTO <-> Venezuela
LAFOTO <-> 7PreguntasCon
Venezuela <-> 7PreguntasCon
Like <-> Share
instagood <-> photooftheday
instagood <-> picoftheday
instagood <-> outdoor
instagood <-> instamood
instagood <-> instadaily
photooftheday <-> picoftheday
photooftheday <-> outdoor
photooftheday <-> instamood
photooftheday <-> instadaily
picoftheday <-> outdoor
picoftheday <-> instamood
picoftheday <-> instadaily
outdoor <-> instamood
outdoor <-> instadaily
instamood <-> instadaily
COLUMBIA <-> Retail
COLUMBIA <-> Job
COLUMBIA <-> Jobs
COLUMBIA <-> Hiring
Retail <-> Job
Retail <-> Jobs
Retail <-> Hiring
recording <-> thesix
gayporn <-> Gay
gayporn <-> teamgay
gayporn <-> hunk
gayporn <-> MachoManMonday
gayporn <-> hung
Gay <-> teamgay
Gay <-> hunk
Gay <-> MachoManMonday
Gay <-> hung
teamgay <-> hunk
teamgay <-> MachoManMonday
teamgay <-> hung
hunk <-> MachoManMonday
hunk <-> hung
MachoManMonday <-> hung
ElDato <-> Fibromialgia
LosRicosNoPidenPermiso <-> BesazoAntolia
LosRicosNoPidenPermiso <-> Antolia
BesazoAntolia <-> Antolia
goodmorning <-> tuesday
Arete <-> poiesis
Arete <-> Cinema
Arete <-> Jovens
Arete <-> Guerras
Arete <-> DesarmarACidade
poiesis <-> Cinema
poiesis <-> Jovens
poiesis <-> Guerras
poiesis <-> DesarmarACidade
Cinema <-> Jovens
Cinema <-> Guerras
Cinema <-> DesarmarACidade
Jovens <-> Guerras
Jovens <-> DesarmarACidade
Guerras <-> DesarmarACidade
itworksglobal <-> rubybonus
itworksglobal <-> beyourownboss
rubybonus <-> beyourownboss
MemoriesMatter <-> ENDALZ
BernieMadeMeWhite <-> DCTalk
BernieMadeMeWhite <-> MichaelWSmith
BernieMadeMeWhite <-> ThanksBernie
DCTalk <-> MichaelWSmith
DCTalk <-> ThanksBernie
MichaelWSmith <-> ThanksBernie
nowplaying <-> markforster
nowplaying <-> Wittenberge
nowplaying <-> Brandenburg
nowplaying <-> GER
markforster <-> Wittenberge
markforster <-> Brandenburg
markforster <-> GER
Wittenberge <-> Brandenburg
Wittenberge <-> GER
Brandenburg <-> GER
ChicagoMed <-> ChicagoFire
Bantayan <-> SantaFe
Bantayan <-> sea
Bantayan <-> sand
Bantayan <-> WhiteSands
Bantayan <-> Tropical
Bantayan <-> TropicalWaters
SantaFe <-> sea
SantaFe <-> sand
SantaFe <-> WhiteSands
SantaFe <-> Tropical
SantaFe <-> TropicalWaters
sea <-> sand
sea <-> WhiteSands
sea <-> Tropical
sea <-> TropicalWaters
sand <-> WhiteSands
sand <-> Tropical
sand <-> TropicalWaters
WhiteSands <-> Tropical
WhiteSands <-> TropicalWaters
Tropical <-> TropicalWaters
webelieveyou <-> thesystemisbroken
webelieveyou <-> victimsrights
webelieveyou <-> stopviolence
webelieveyou <-> canadianpride
webelieveyou <-> canadiancarculture
thesystemisbroken <-> victimsrights
thesystemisbroken <-> stopviolence
thesystemisbroken <-> canadianpride
thesystemisbroken <-> canadiancarculture
victimsrights <-> stopviolence
victimsrights <-> canadianpride
victimsrights <-> canadiancarculture
stopviolence <-> canadianpride
stopviolence <-> canadiancarculture
canadianpride <-> canadiancarculture
Wellington <-> Christchurch
Wellington <-> HuntForTheWilderpeople
Christchurch <-> HuntForTheWilderpeople
Amistoso <-> RIV
Build2016 <-> SanFrancisco
Hiking <-> reservoir
Hiking <-> beautifulday
reservoir <-> beautifulday
diabetic <-> t1d
diabetic <-> type1diabetes
diabetic <-> diabetes
t1d <-> type1diabetes
t1d <-> diabetes
type1diabetes <-> diabetes
Bae <-> sofetch
Bae <-> feelingmyself
sofetch <-> feelingmyself
breakfast <-> Bangkok
breakfast <-> food
Bangkok <-> food
Accounting <-> Medford
Medford <-> job
Medford <-> Hiring
Lovatics <-> BestFanArmy
Lovatics <-> iHeartAwards
JesusChrist <-> ReproductiveRights
JesusChrist <-> womensrights
JesusChrist <-> Evangelicals
JesusChrist <-> ChristianRight
ReproductiveRights <-> womensrights
ReproductiveRights <-> Evangelicals
ReproductiveRights <-> ChristianRight
womensrights <-> Evangelicals
womensrights <-> ChristianRight
Evangelicals <-> ChristianRight
Lima <-> Food
MoisesYLosDiezMandamientos <-> 10Mandamientos
collage <-> semester
conferencias <-> bigconference
NikePlus <-> RunWashington
clasico <-> fcblive
WWE <-> Raw
WWE <-> RamenEmpire
Raw <-> RamenEmpire
totallyinlove <-> MindOfMine
benlysta <-> lupus
benlysta <-> KeepFighting
lupus <-> KeepFighting
LittleRock <-> job
PHMostPopularPair <-> AlDub
PHMostPopularPair <-> RaStro
PHMostPopularPair <-> TeamRaStro
AlDub <-> RaStro
AlDub <-> TeamRaStro
RaStro <-> TeamRaStro
vsco <-> vscocam
vsco <-> vscoph
vscocam <-> vscoph
selfie <-> wow
selfie <-> cool
selfie <-> bw
selfie <-> blackandwhite
selfie <-> mtl
selfie <-> montreal
wow <-> cool
wow <-> bw
wow <-> blackandwhite
wow <-> mtl
wow <-> montreal
cool <-> bw
cool <-> blackandwhite
cool <-> mtl
cool <-> montreal
bw <-> blackandwhite
bw <-> mtl
bw <-> montreal
blackandwhite <-> mtl
blackandwhite <-> montreal
mtl <-> montreal
duh <-> dontchangeit
Raw <-> Wwe
Emmalution <-> Raw
36DaysOfType <-> 36Days_A
36DaysOfType <-> MarioClavasquin
36Days_A <-> MarioClavasquin
Rihanna <-> work
Klettbach <-> quiz
Bad <-> quiz
vinny <-> carshopping
vinny <-> startup
carshopping <-> startup
DESNHASHTAKEOVER <-> COOLOVERNIGHTLOUNGE
DESNHASHTAKEOVER <-> COVERS
DESNHASHTAKEOVER <-> THEREAD
COOLOVERNIGHTLOUNGE <-> COVERS
COOLOVERNIGHTLOUNGE <-> THEREAD
COVERS <-> THEREAD
NikkiBella <-> WrestleMania32
NikkiBella <-> Diva
WrestleMania32 <-> Diva
ESDLC <-> LaCalaca
wewantonedirectiondead <-> DirectionersForTheWin
wewantonedirectiondead <-> LateToTheShow
DirectionersForTheWin <-> LateToTheShow
StreetMeat <-> NewWaveQueens
StreetMeat <-> DragRace
NewWaveQueens <-> DragRace
amwriting <-> IntriguingWomen
amwriting <-> MarriagesAreMadeInIndia
IntriguingWomen <-> MarriagesAreMadeInIndia
TeamPaige <-> RAWCL
you <-> dont
you <-> matter
you <-> tho
dont <-> matter
dont <-> tho
matter <-> tho
BUFvsDET <-> pushfortheplayoffs
BUFvsDET <-> hockey
pushfortheplayoffs <-> hockey
daylightsaving <-> PDX
daylightsaving <-> TLOP
PDX <-> TLOP
AlanOppenheimer <-> VO
AlanOppenheimer <-> Falcor
AlanOppenheimer <-> adoftheday
AlanOppenheimer <-> Spotify
AlanOppenheimer <-> NES
VO <-> Falcor
VO <-> adoftheday
VO <-> Spotify
VO <-> NES
Falcor <-> adoftheday
Falcor <-> Spotify
Falcor <-> NES
adoftheday <-> Spotify
adoftheday <-> NES
Spotify <-> NES
aesthetics <-> motivation
BBB16 <-> bbb16
tadificil <-> tacomplicado
Movilh <-> PDI
WWE <-> RAW
nowplaying <-> CHOM
Amavolei <-> VaiMinas
SebasLeeElDmDeAglhae <-> SiempreConJesse
AHFODtour <-> oimpossivelnaglobo
hotChicken <-> Nashville
Gigantesdosamba <-> xuxanarecord
LatePost <-> SS16
MoonMtnFire <-> NMfire
praiagrande <-> arraialdocabo
praiagrande <-> errejota
praiagrande <-> riodejaneiro
praiagrande <-> rj
praiagrande <-> canont5
praiagrande <-> 18mm55mm
praiagrande <-> nilmatos
praiagrande <-> nilphotos
arraialdocabo <-> errejota
arraialdocabo <-> riodejaneiro
arraialdocabo <-> rj
arraialdocabo <-> canont5
arraialdocabo <-> 18mm55mm
arraialdocabo <-> nilmatos
arraialdocabo <-> nilphotos
errejota <-> riodejaneiro
errejota <-> rj
errejota <-> canont5
errejota <-> 18mm55mm
errejota <-> nilmatos
errejota <-> nilphotos
riodejaneiro <-> rj
riodejaneiro <-> canont5
riodejaneiro <-> 18mm55mm
riodejaneiro <-> nilmatos
riodejaneiro <-> nilphotos
rj <-> canont5
rj <-> 18mm55mm
rj <-> nilmatos
rj <-> nilphotos
canont5 <-> 18mm55mm
canont5 <-> nilmatos
canont5 <-> nilphotos
18mm55mm <-> nilmatos
18mm55mm <-> nilphotos
nilmatos <-> nilphotos
Filipino <-> Employee
Filipino <-> MA
Filipino <-> Defendants
Filipino <-> Transfer
Employee <-> MA
Employee <-> Defendants
Employee <-> Transfer
MA <-> Defendants
MA <-> Transfer
Defendants <-> Transfer
nationalzoo <-> washingtondc
nationalzoo <-> springbreak
nationalzoo <-> panda
nationalzoo <-> Yay
nationalzoo <-> roadtrip
washingtondc <-> springbreak
washingtondc <-> panda
washingtondc <-> Yay
washingtondc <-> roadtrip
springbreak <-> panda
springbreak <-> Yay
springbreak <-> roadtrip
panda <-> Yay
panda <-> roadtrip
Yay <-> roadtrip
BatmanvSuperman <-> BenAffleck
BatmanvSuperman <-> Batman
BenAffleck <-> Batman
StickingToTheScriptTillTheSceneSwitch <-> amerikandreamin
StickingToTheScriptTillTheSceneSwitch <-> LegalTrapNigga
amerikandreamin <-> LegalTrapNigga
NewYork <-> libertyisland
Suchi <-> Friends
Suchi <-> TengoChingosDeHambre
Friends <-> TengoChingosDeHambre
TAKEOURCOUNTRYBACK <-> MAKEAMERICAGREATAGAIN
TAKEOURCOUNTRYBACK <-> BUILDTHEWALL
TAKEOURCOUNTRYBACK <-> PUTUSAFIRST
TAKEOURCOUNTRYBACK <-> VOTETRUMP
MAKEAMERICAGREATAGAIN <-> BUILDTHEWALL
MAKEAMERICAGREATAGAIN <-> PUTUSAFIRST
MAKEAMERICAGREATAGAIN <-> VOTETRUMP
BUILDTHEWALL <-> PUTUSAFIRST
BUILDTHEWALL <-> VOTETRUMP
PUTUSAFIRST <-> VOTETRUMP
great <-> littleshit
mcm <-> ElevationUptown
LunesIntratable <-> BastaDeBrancatelli
LunesIntratable <-> BrancatelliPelotudo
BastaDeBrancatelli <-> BrancatelliPelotudo
MisfitGarage <-> sillyrabbittricksareforkids
comics <-> aquaman
WWERaw <-> Wrestlemania
familyfirst <-> familytime
familyfirst <-> wearealivesitcom
familytime <-> wearealivesitcom
jetski <-> travel
jetski <-> adventure
jetski <-> wanderlust
jetski <-> watersports
jetski <-> watercraft
travel <-> adventure
travel <-> wanderlust
travel <-> watersports
travel <-> watercraft
adventure <-> wanderlust
adventure <-> watersports
adventure <-> watercraft
wanderlust <-> watersports
wanderlust <-> watercraft
watersports <-> watercraft
mackthedog <-> dogsofinstagram
mackthedog <-> gspofinstagram
mackthedog <-> gsp
dogsofinstagram <-> gspofinstagram
dogsofinstagram <-> gsp
gspofinstagram <-> gsp
Moises <-> 10Mandamientos
Moises <-> LaLeona
10Mandamientos <-> LaLeona
selfie <-> home
selfie <-> mirror
selfie <-> thirtysecondstomars
home <-> mirror
home <-> thirtysecondstomars
mirror <-> thirtysecondstomars
beachlife <-> mexico
beachlife <-> oneyearlater
mexico <-> oneyearlater
ElPerdedor <-> MALUMA
BabyEmmy <-> infant
BabyEmmy <-> development
BabyEmmy <-> formulafeedings
BabyEmmy <-> enfamil
infant <-> development
infant <-> formulafeedings
infant <-> enfamil
development <-> formulafeedings
development <-> enfamil
formulafeedings <-> enfamil
EsselatuHayrumMinennevm <-> Ezan
Waimea <-> job
theislandsoftahiti <-> tahitivr
theislandsoftahiti <-> projectbeyond
theislandsoftahiti <-> lovetahiti
tahitivr <-> projectbeyond
tahitivr <-> lovetahiti
projectbeyond <-> lovetahiti
itsaboy <-> munsellplus1
Repost <-> SuperGirlCosplay
Repost <-> DCComics
Repost <-> Cute
Repost <-> Beauty
SuperGirlCosplay <-> DCComics
SuperGirlCosplay <-> Cute
SuperGirlCosplay <-> Beauty
DCComics <-> Cute
DCComics <-> Beauty
Cute <-> Beauty
MichaelCole <-> WrestleMania32
CoupleGoals <-> MYM
De15 <-> Sabado
De15 <-> AgosGarcia
De15 <-> LePetitCirque
De15 <-> Vicenzo
Sabado <-> AgosGarcia
Sabado <-> LePetitCirque
Sabado <-> Vicenzo
AgosGarcia <-> LePetitCirque
AgosGarcia <-> Vicenzo
LePetitCirque <-> Vicenzo
RIPYams <-> SneezySZN
streetphotography <-> Chicago
streetphotography <-> funk
streetphotography <-> jazz
streetphotography <-> trumpet
streetphotography <-> musician
streetphotography <-> monochrome
streetphotography <-> f11
streetphotography <-> Fujinon
streetphotography <-> wideangle
Chicago <-> funk
Chicago <-> jazz
Chicago <-> trumpet
Chicago <-> musician
Chicago <-> monochrome
Chicago <-> f11
Chicago <-> Fujinon
Chicago <-> wideangle
funk <-> jazz
funk <-> trumpet
funk <-> musician
funk <-> monochrome
funk <-> f11
funk <-> Fujinon
funk <-> wideangle
jazz <-> trumpet
jazz <-> musician
jazz <-> monochrome
jazz <-> f11
jazz <-> Fujinon
jazz <-> wideangle
trumpet <-> musician
trumpet <-> monochrome
trumpet <-> f11
trumpet <-> Fujinon
trumpet <-> wideangle
musician <-> monochrome
musician <-> f11
musician <-> Fujinon
musician <-> wideangle
monochrome <-> f11
monochrome <-> Fujinon
monochrome <-> wideangle
f11 <-> Fujinon
f11 <-> wideangle
Fujinon <-> wideangle
TotalDivas <-> RAW
bullseyeblood <-> 2xmarcello
bullseyeblood <-> blue
bullseyeblood <-> bulliesofinstagram
bullseyeblood <-> bully
bullseyeblood <-> love
2xmarcello <-> blue
2xmarcello <-> bulliesofinstagram
2xmarcello <-> bully
2xmarcello <-> love
blue <-> bulliesofinstagram
blue <-> bully
blue <-> love
bulliesofinstagram <-> bully
bulliesofinstagram <-> love
bully <-> love
grateful <-> workinggirl
BigAppleMusicAwardsBestSocialMediaStar2016_KenzaMorsli <-> BAMA2016PlatinumEdition_KenzaMorsli
BigAppleMusicAwardsBestSocialMediaStar2016_KenzaMorsli <-> kenzaMorsli
BAMA2016PlatinumEdition_KenzaMorsli <-> kenzaMorsli
SanAntonio <-> FacilitiesMgmt
SanAntonio <-> jobhunt
SanAntonio <-> Hiring
FacilitiesMgmt <-> jobhunt
FacilitiesMgmt <-> Hiring
jobhunt <-> Hiring
imf <-> wowyourservice
IBM <-> Power
IBM <-> Systems
Power <-> Systems
LaLeona <-> Fatmagul
10Mandamientos <-> Fatmagul
TotalDIVAS <-> BADandBlonde
TotalDIVAS <-> RAW
BADandBlonde <-> RAW
c4d <-> cinema4d
c4d <-> octane
c4d <-> octanerender
c4d <-> freakymotion
cinema4d <-> octane
cinema4d <-> octanerender
cinema4d <-> freakymotion
octane <-> octanerender
octane <-> freakymotion
octanerender <-> freakymotion
CenaDePascua <-> PastoralJuvenil
CenaDePascua <-> PSMLA
CenaDePascua <-> CristoVive
CenaDePascua <-> FelizPascua
PastoralJuvenil <-> PSMLA
PastoralJuvenil <-> CristoVive
PastoralJuvenil <-> FelizPascua
PSMLA <-> CristoVive
PSMLA <-> FelizPascua
CristoVive <-> FelizPascua
sp4sp <-> photography
vivalavida <-> pessoaespecial
vivalavida <-> segundafeira
pessoaespecial <-> segundafeira
chef <-> amazing
ArtsandTheatre <-> Arts_and_theatre_in_Ipswich
LeemoGang <-> Philly
catchingup <-> leftymagic
Podcast <-> felizlunes
Podcast <-> geek
felizlunes <-> geek
BirthdayTPK <-> LesStroud
springtraining <-> giddy
Julexis <-> GH
Julexis <-> DWTS
Julexis <-> Promotewhatyoulove
Julexis <-> gh
GH <-> DWTS
GH <-> Promotewhatyoulove
GH <-> gh
DWTS <-> Promotewhatyoulove
DWTS <-> gh
Promotewhatyoulove <-> gh
teamgay <-> sexy
teamgay <-> summer
teamgay <-> johnnyhazzard
Gay <-> sexy
Gay <-> summer
Gay <-> johnnyhazzard
hunk <-> sexy
hunk <-> summer
hunk <-> johnnyhazzard
MachoManMonday <-> sexy
MachoManMonday <-> summer
MachoManMonday <-> johnnyhazzard
gayporn <-> sexy
gayporn <-> summer
gayporn <-> johnnyhazzard
hung <-> sexy
hung <-> summer
hung <-> johnnyhazzard
sexy <-> summer
sexy <-> johnnyhazzard
summer <-> johnnyhazzard
DivasRevolution <-> RAW
durango <-> sinfiltro
DolceAmoreSetUp <-> EnriqueGilAt24BUKASNA
pyloxbasic <-> diton
pyloxbasic <-> spraypaint
diton <-> spraypaint
Ahijada <-> AmorEterno
Ahijada <-> QueLosCumplasFeliz
AmorEterno <-> QueLosCumplasFeliz
onehotscot <-> shattered
ceilingseries <-> paintwall
ceilingseries <-> girlush
paintwall <-> girlush
Kehlani <-> KyrieIrving
The100 <-> The100NaMTV
letsgosharks <-> beatla
letsgosharks <-> sjsharks
letsgosharks <-> hockey
letsgosharks <-> backinthebay
beatla <-> sjsharks
beatla <-> hockey
beatla <-> backinthebay
sjsharks <-> hockey
sjsharks <-> backinthebay
hockey <-> backinthebay
nokia <-> TwitterTrailer
nokia <-> SelfieSunday
nokia <-> selfie
nokia <-> selfishselfie
nokia <-> BlessedEaster
TwitterTrailer <-> SelfieSunday
TwitterTrailer <-> selfie
TwitterTrailer <-> selfishselfie
TwitterTrailer <-> BlessedEaster
SelfieSunday <-> selfie
SelfieSunday <-> selfishselfie
SelfieSunday <-> BlessedEaster
selfie <-> selfishselfie
selfie <-> BlessedEaster
selfishselfie <-> BlessedEaster
musclebear <-> family
musclebear <-> familia
musclebear <-> beard
family <-> familia
family <-> beard
familia <-> beard
nofilter <-> natural
nofilter <-> beard
natural <-> beard
mce <-> myboy
sofunny <-> slangs
database <-> insights
Summer <-> SummerStories
Summer <-> Philippines
Summer <-> Tropical
SummerStories <-> Philippines
SummerStories <-> Tropical
Philippines <-> Tropical
AA1406 <-> mystery
TonioArmaniMusic <-> TeamTonioArmani
tichi <-> friends
tichi <-> l4l
tichi <-> pic
tichi <-> night
tichi <-> beach
friends <-> l4l
friends <-> pic
friends <-> night
friends <-> beach
l4l <-> pic
l4l <-> night
l4l <-> beach
pic <-> night
pic <-> beach
night <-> beach
bibletrivia <-> safari
wavy <-> Thailand
wavy <-> jamesbondisland
wavy <-> Phuket
Thailand <-> jamesbondisland
Thailand <-> Phuket
jamesbondisland <-> Phuket
SURABAYA <-> elevationstudios
SURABAYA <-> gedungptpn
SURABAYA <-> prewedding
elevationstudios <-> gedungptpn
elevationstudios <-> prewedding
gedungptpn <-> prewedding
business <-> marketing
JustinSanchez <-> AaronMartinez
tnf <-> tnfjp
tnf <-> tnf_gravity
tnf <-> japan
tnf <-> nagano
tnf <-> hakuba
tnf <-> mountain
tnf <-> travel
tnfjp <-> tnf_gravity
tnfjp <-> japan
tnfjp <-> nagano
tnfjp <-> hakuba
tnfjp <-> mountain
tnfjp <-> travel
tnf_gravity <-> japan
tnf_gravity <-> nagano
tnf_gravity <-> hakuba
tnf_gravity <-> mountain
tnf_gravity <-> travel
japan <-> nagano
japan <-> hakuba
japan <-> mountain
japan <-> travel
nagano <-> hakuba
nagano <-> mountain
nagano <-> travel
hakuba <-> mountain
hakuba <-> travel
mountain <-> travel
Weather <-> Kent
sevillafc <-> nervion
sevillafc <-> antoniopuerta
sevillafc <-> sevilla
sevillafc <-> ciudadjardin
sevillafc <-> spain
nervion <-> antoniopuerta
nervion <-> sevilla
nervion <-> ciudadjardin
nervion <-> spain
antoniopuerta <-> sevilla
antoniopuerta <-> ciudadjardin
antoniopuerta <-> spain
sevilla <-> ciudadjardin
sevilla <-> spain
ciudadjardin <-> spain
aydinlatma <-> avize
StateCapture <-> GuptaGate2
zude <-> hitthefloor
tuesdaypalangbeh <-> huhu
hiring <-> Marketing
hiring <-> Intel
hiring <-> Madrid
Marketing <-> Intel
Marketing <-> Madrid
Marketing <-> Job
Marketing <-> Jobs
Intel <-> Madrid
Intel <-> Job
Intel <-> Jobs
Madrid <-> Job
Madrid <-> Jobs
muoviilculoeportailchihuidalvete <-> sempretuttobene
hiring <-> Breda
Job <-> Breda
CareerArc <-> Banking
CareerArc <-> Jersey
Banking <-> Job
Banking <-> Jersey
Banking <-> Jobs
Banking <-> Hiring
Job <-> Jersey
Jersey <-> Jobs
Jersey <-> Hiring
Hospitality <-> job
Hospitality <-> Lubbock
job <-> Lubbock
Lubbock <-> Hiring
Banking <-> job
Banking <-> Harare
job <-> Harare
job <-> CareerArc
Harare <-> Hiring
Harare <-> CareerArc
Geneva <-> CustomerService
Geneva <-> delljobs
Geneva <-> Job
Geneva <-> Jobs
Geneva <-> Hiring
CustomerService <-> delljobs
delljobs <-> Job
delljobs <-> Jobs
delljobs <-> Hiring
pistedumatingotaf <-> n7player
pistedumatingotaf <-> yamato2199
n7player <-> yamato2199
TDOV <-> MoreThanVisibility
TDOV <-> trans
MoreThanVisibility <-> trans
3rd <-> PeriscopePeep
Berlin <-> Webcam
TWD6enFOX <-> ThomasSottoLeMatin
osteopatiriconosciuti <-> osteopatiaprofessionesanitaria
branding <-> dj
branding <-> njdj
branding <-> djlife
branding <-> lifeofadj
branding <-> bluediamondentertainment
dj <-> njdj
dj <-> djlife
dj <-> lifeofadj
dj <-> bluediamondentertainment
njdj <-> djlife
njdj <-> lifeofadj
njdj <-> bluediamondentertainment
djlife <-> lifeofadj
djlife <-> bluediamondentertainment
lifeofadj <-> bluediamondentertainment
FelizCumpleZurita <-> HBDZurita
nofilter <-> cagrown
nofilter <-> california
nofilter <-> wildflowers
nofilter <-> thankful
cagrown <-> california
cagrown <-> wildflowers
cagrown <-> thankful
california <-> wildflowers
california <-> thankful
wildflowers <-> thankful
Instameetups <-> sbbservicescout
Instameetups <-> fail
sbbservicescout <-> fail
aboutlastnight <-> homies
cantwait <-> thisisthecap
Job <-> Pune
Pune <-> Jobs
Pune <-> Hiring
markets <-> Italy
istanbul <-> ruhhalim
istanbul <-> duvar
istanbul <-> nofilter
istanbul <-> istanbuldayasam
istanbul <-> igersistanbul
ruhhalim <-> duvar
ruhhalim <-> nofilter
ruhhalim <-> istanbuldayasam
ruhhalim <-> igersistanbul
duvar <-> nofilter
duvar <-> istanbuldayasam
duvar <-> igersistanbul
nofilter <-> istanbuldayasam
nofilter <-> igersistanbul
istanbuldayasam <-> igersistanbul
KathrynBernardoOnPEPTalk <-> 3DaysBeforeDANIELsBirthMonth
revisionconstitutionnelle <-> territoiresdinfos
coachgaspers <-> natreningusi
coachgaspers <-> health
coachgaspers <-> fitness
natreningusi <-> health
natreningusi <-> fitness
health <-> fitness
pabebe <-> arte
pabebe <-> rt
pabebe <-> love
pabebe <-> selfie
pabebe <-> likethis
pabebe <-> like
pabebe <-> doubletap
pabebe <-> tagsforlikes
pabebe <-> instagood
arte <-> rt
arte <-> love
arte <-> selfie
arte <-> likethis
arte <-> like
arte <-> doubletap
arte <-> tagsforlikes
arte <-> instagood
rt <-> love
rt <-> selfie
rt <-> likethis
rt <-> like
rt <-> doubletap
rt <-> tagsforlikes
rt <-> instagood
love <-> selfie
love <-> likethis
love <-> like
love <-> doubletap
love <-> tagsforlikes
love <-> instagood
selfie <-> likethis
selfie <-> like
selfie <-> doubletap
selfie <-> tagsforlikes
selfie <-> instagood
likethis <-> like
likethis <-> doubletap
likethis <-> tagsforlikes
likethis <-> instagood
like <-> doubletap
like <-> tagsforlikes
like <-> instagood
doubletap <-> tagsforlikes
doubletap <-> instagood
tagsforlikes <-> instagood
ADENTAN <-> ANGEL
ADENTAN <-> SP
ADENTAN <-> CHC
ADENTAN <-> HALO
ADENTAN <-> NIMBUS
ADENTAN <-> AUREOLE
ANGEL <-> SP
ANGEL <-> CHC
ANGEL <-> HALO
ANGEL <-> NIMBUS
ANGEL <-> AUREOLE
SP <-> CHC
SP <-> HALO
SP <-> NIMBUS
SP <-> AUREOLE
CHC <-> HALO
CHC <-> NIMBUS
CHC <-> AUREOLE
HALO <-> NIMBUS
HALO <-> AUREOLE
NIMBUS <-> AUREOLE
GEORGETOWN2020 <-> GoHoyas
flight <-> Claim
flight <-> Mumbai
flight <-> India
Claim <-> Mumbai
Claim <-> India
Mumbai <-> India
wallpaper <-> Kidscollection
wallpaper <-> Sylloges
Kidscollection <-> Sylloges
NP <-> NEWENTRY
NP <-> POSTER
NP <-> SESIPRIBOEMI
NEWENTRY <-> POSTER
NEWENTRY <-> SESIPRIBOEMI
POSTER <-> SESIPRIBOEMI
tori <-> canon
tori <-> food
tori <-> localfood
tori <-> phetchabun
tori <-> thailand
tori <-> thaifood
canon <-> food
canon <-> localfood
canon <-> phetchabun
canon <-> thailand
canon <-> thaifood
food <-> localfood
food <-> phetchabun
food <-> thailand
food <-> thaifood
localfood <-> phetchabun
localfood <-> thailand
localfood <-> thaifood
phetchabun <-> thailand
phetchabun <-> thaifood
thailand <-> thaifood
cherryblossom <-> Fukuoka
greatfoodeveryday <-> belfast
greatfoodeveryday <-> tq
belfast <-> tq
gogolfbigbang <-> gogolffi
IncDGT <-> OBRA
IncDGT <-> AMARILLO
IncDGT <-> ILLES_BALEARS
IncDGT <-> C731
IncDGT <-> PK1_5
OBRA <-> AMARILLO
OBRA <-> ILLES_BALEARS
OBRA <-> C731
OBRA <-> PK1_5
AMARILLO <-> ILLES_BALEARS
AMARILLO <-> C731
AMARILLO <-> PK1_5
ILLES_BALEARS <-> C731
ILLES_BALEARS <-> PK1_5
C731 <-> PK1_5
hobbstea <-> Refresh
hobbstea <-> Revive
hobbstea <-> Anytime
hobbstea <-> Anywhere
hobbstea <-> Maui
Refresh <-> Revive
Refresh <-> Anytime
Refresh <-> Anywhere
Refresh <-> Maui
Revive <-> Anytime
Revive <-> Anywhere
Revive <-> Maui
Anytime <-> Anywhere
Anytime <-> Maui
Anywhere <-> Maui
Repost <-> loschipsen
Repost <-> lasvegas
Repost <-> myprincess
loschipsen <-> lasvegas
loschipsen <-> myprincess
lasvegas <-> myprincess
IncDGT <-> MA11
IncDGT <-> PK4_3
OBRA <-> MA11
OBRA <-> PK4_3
AMARILLO <-> MA11
AMARILLO <-> PK4_3
ILLES_BALEARS <-> MA11
ILLES_BALEARS <-> PK4_3
MA11 <-> PK4_3
Adducity <-> Hithdhoo
takibetakip <-> RT
takibetakip <-> takipkonvoyu
takibetakip <-> fenerinmacivar
takibetakip <-> takipedentakipedilir
RT <-> takipkonvoyu
RT <-> fenerinmacivar
RT <-> takipedentakipedilir
takipkonvoyu <-> fenerinmacivar
takipkonvoyu <-> takipedentakipedilir
fenerinmacivar <-> takipedentakipedilir
ImTotallyWithHer <-> ImWithHer
ImTotallyWithHer <-> ToneDownForWhat
ImWithHer <-> ToneDownForWhat
sa1 <-> sa6
Montella <-> Sousa
Montella <-> Fiorentina
Montella <-> Sampdoria
Sousa <-> Fiorentina
Sousa <-> Sampdoria
Fiorentina <-> Sampdoria
AUSvJOR <-> WCQ
AUSvJOR <-> GoSocceroos
AUSvJOR <-> Russia2018
AUSvJOR <-> RoadToRussia
WCQ <-> GoSocceroos
WCQ <-> Russia2018
WCQ <-> RoadToRussia
GoSocceroos <-> Russia2018
GoSocceroos <-> RoadToRussia
Russia2018 <-> RoadToRussia
NSWRFS <-> BushFire
NSWRFS <-> NSWFires
BushFire <-> NSWFires
Astros <-> WorldSeries
Model3 <-> Farjoke
NoLoHagas <-> EsDeIntensos
ToneDownForWhat <-> AlwaysTrump
ToneDownForWhat <-> MAGA
AlwaysTrump <-> MAGA
Repost <-> lemmy
Repost <-> motorheadforlife
lemmy <-> motorheadforlife
Snorlax <-> Pokemon
fckafd <-> nonazis
Luis <-> SanAndres
goals <-> friendshipgoals
istanbul <-> sahil
istanbul <-> sali
istanbul <-> mart
istanbul <-> tatil
istanbul <-> goodmorning
istanbul <-> turkey
istanbul <-> newday
sahil <-> sali
sahil <-> mart
sahil <-> tatil
sahil <-> goodmorning
sahil <-> turkey
sahil <-> newday
sali <-> mart
sali <-> tatil
sali <-> goodmorning
sali <-> turkey
sali <-> newday
mart <-> tatil
mart <-> goodmorning
mart <-> turkey
mart <-> newday
tatil <-> goodmorning
tatil <-> turkey
tatil <-> newday
goodmorning <-> turkey
goodmorning <-> newday
turkey <-> newday
droptower <-> skyranch
droptower <-> tagaytay
skyranch <-> tagaytay
Pharmaceutical <-> job
Pharmaceutical <-> Surrey
job <-> Surrey
Surrey <-> Hiring
RT <-> WT20
hiring <-> Retail
hiring <-> NEWROADS
Retail <-> NEWROADS
NEWROADS <-> Job
NEWROADS <-> Jobs
love <-> TagsForLikesApp
love <-> me
TagsForLikesApp <-> instagood
TagsForLikesApp <-> me
instagood <-> me
ig_africa <-> packyourthingsandtravel
ig_africa <-> wanderer
ig_africa <-> scenery
ig_africa <-> anangofoto
packyourthingsandtravel <-> wanderer
packyourthingsandtravel <-> scenery
packyourthingsandtravel <-> anangofoto
wanderer <-> scenery
wanderer <-> anangofoto
scenery <-> anangofoto
train <-> producttanker
train <-> vlcc
train <-> archenemy
train <-> khaoslegions
train <-> douttor
producttanker <-> vlcc
producttanker <-> archenemy
producttanker <-> khaoslegions
producttanker <-> douttor
vlcc <-> archenemy
vlcc <-> khaoslegions
vlcc <-> douttor
archenemy <-> khaoslegions
archenemy <-> douttor
khaoslegions <-> douttor
BatmanvSuperman <-> SupergirlXTheFlash
BatmanvSuperman <-> YAAUUSS
SupergirlXTheFlash <-> YAAUUSS
soar2success <-> Leadership
soar2success <-> Word
Leadership <-> Word
latte <-> appressocoffeehouse
sevizzano <-> pasqua
sevizzano <-> pasquetta
sevizzano <-> primule
sevizzano <-> explosion
sevizzano <-> nature
sevizzano <-> natura
sevizzano <-> naturelover
sevizzano <-> easter
pasqua <-> pasquetta
pasqua <-> primule
pasqua <-> explosion
pasqua <-> nature
pasqua <-> natura
pasqua <-> naturelover
pasqua <-> easter
pasquetta <-> primule
pasquetta <-> explosion
pasquetta <-> nature
pasquetta <-> natura
pasquetta <-> naturelover
pasquetta <-> easter
primule <-> explosion
primule <-> nature
primule <-> natura
primule <-> naturelover
primule <-> easter
explosion <-> nature
explosion <-> natura
explosion <-> naturelover
explosion <-> easter
nature <-> natura
nature <-> naturelover
nature <-> easter
natura <-> naturelover
natura <-> easter
naturelover <-> easter
MaineMendoza <-> TBworld2016
45s <-> springbreak
45s <-> mom
45s <-> motownonmondays
springbreak <-> mom
springbreak <-> motownonmondays
mom <-> motownonmondays
springtime <-> photography
salosalut <-> hardwork
salosalut <-> vidasana
salosalut <-> moute
hardwork <-> vidasana
hardwork <-> moute
vidasana <-> moute
padova <-> turismo
padova <-> naticonlacultura
turismo <-> naticonlacultura
Sultanes <-> LMB
SpiceRoad <-> FoodTruck
MexicoAndando <-> iGersMich
MexicoAndando <-> iGersMX
MexicoAndando <-> Unique
iGersMich <-> iGersMX
iGersMich <-> Unique
iGersMX <-> Unique
Libertarian <-> LP2016
Libertarian <-> LegalizeFreedom
LP2016 <-> LegalizeFreedom
Hyderabad <-> IT
Hyderabad <-> Job
Hyderabad <-> Jobs
Hyderabad <-> Hiring
Hyderabad <-> CareerArc
IT <-> Job
IT <-> Jobs
IT <-> Hiring
IT <-> CareerArc
Yasmindut <-> babycute
Yasmindut <-> baby
Yasmindut <-> lovely
babycute <-> baby
babycute <-> lovely
baby <-> lovely
NP <-> SomeBodyGreat
NP <-> UnaWakeUpShow
SomeBodyGreat <-> UnaWakeUpShow
TTuesday <-> ArbonneWarrior
TTuesday <-> AussieBBBum
ArbonneWarrior <-> AussieBBBum
Parcel <-> TRS
IT <-> Penang
IT <-> Intel
Job <-> Penang
Penang <-> Intel
Penang <-> Jobs
Penang <-> Hiring
Intel <-> Hiring
Qatar <-> Billiard
Qatar <-> Snooker
Billiard <-> Snooker
